seed,status,score,seconds,returncode,message
0,AC,3622,2.020189356058836,,
1,AC,4156,1.9688568208366632,,
2,AC,3405,1.9661510039586574,,
3,AC,3953,1.9782357118092477,,
4,AC,3912,1.994113793829456,,
5,AC,3581,1.9734153200406581,,
6,AC,4093,1.9879625299945474,,
7,AC,4346,1.9899217230267823,,
8,AC,3993,1.9892824720591307,,
9,AC,4122,1.9899218438658863,,
10,AC,3933,1.9956671590916812,,
11,AC,3185,2.0379080458078533,,
12,AC,3728,2.0345666429493576,,
13,AC,3811,1.9612970449961722,,
14,AC,4304,2.0036603349726647,,
15,AC,3368,2.011439444962889,,
16,AC,4114,2.0091086770407856,,
17,RE,,1.9477209728211164,-8,candidate exited with return code -8
18,RE,,1.9406738558318466,-8,candidate exited with return code -8
19,AC,3868,2.025769026018679,,
20,AC,3420,1.9956933308858424,,
21,AC,3847,1.9896141751669347,,
22,AC,3074,1.9904124999884516,,
23,AC,3908,1.9850202549714595,,
24,AC,3477,1.9784547148738056,,
25,AC,3522,1.9909369051456451,,
26,AC,3449,1.9828450549393892,,
27,AC,3993,2.006363688968122,,
28,AC,4223,1.9827241599559784,,
29,AC,3466,1.993620216846466,,
30,AC,3764,1.9835666629951447,,
31,AC,4020,1.9930905289947987,,
32,AC,4141,1.9892981750890613,,
33,AC,4244,2.009375212015584,,
34,AC,3865,1.9951508049853146,,
35,AC,3940,1.9938924419693649,,
36,AC,3811,1.9775045670103282,,
37,AC,4351,1.9892055650707334,,
38,AC,3905,2.007994175190106,,
39,AC,4085,1.9852606388740242,,
40,AC,4307,1.98061831202358,,
41,AC,3399,1.9774810129310936,,
42,AC,3372,1.985215077875182,,
43,AC,3060,1.9906110030133277,,
44,AC,3357,2.000868608010933,,
45,AC,3492,1.9974334491416812,,
46,AC,4187,1.9909234868828207,,
47,AC,3956,1.9963147570379078,,
48,AC,3792,1.9929739809595048,,
49,AC,3939,1.9906529870349914,,
50,AC,4048,1.9859923978801817,,
51,AC,3491,1.9977186431642622,,
52,AC,3742,1.9720392599701881,,
53,AC,4028,2.0045540840364993,,
54,AC,3468,1.9906011510174721,,
55,AC,3582,1.9778955669607967,,
56,AC,3246,1.9803129190113395,,
57,AC,4354,1.9935314590111375,,
58,AC,2722,1.982917282031849,,
59,AC,4411,1.976527838036418,,
60,AC,4184,1.991786229191348,,
61,AC,4330,1.9898882629349828,,
62,AC,3825,2.001378627959639,,
63,AC,3851,1.9915422040503472,,
64,AC,3587,1.9928570829797536,,
65,AC,4171,1.976234044879675,,
66,AC,4334,1.9986852381844074,,
67,AC,3380,1.999330764170736,,
68,AC,4148,1.9979426020290703,,
69,AC,3976,1.9865774039644748,,
70,AC,3144,1.9916675791610032,,
71,AC,4361,2.007615142967552,,
72,AC,3496,2.017039735103026,,
73,AC,3315,1.9995409480761737,,
74,AC,4366,1.9772451180033386,,
75,AC,4336,1.9907026481814682,,
76,AC,4367,1.9988627440761775,,
77,AC,3985,1.9897090450394899,,
78,AC,4353,1.9928383911028504,,
79,AC,4171,1.9784330630209297,,
80,AC,3854,2.0157239579129964,,
81,AC,4110,1.9939421738963574,,
82,AC,3334,1.9847981191705912,,
83,AC,4517,1.9875522591173649,,
84,AC,4564,1.9947982640005648,,
85,AC,3253,1.9989686869084835,,
86,AC,3614,1.9733170391991735,,
87,AC,3905,1.9849406220018864,,
88,AC,4066,1.9844716549851,,
89,AC,3746,1.9763728328980505,,
90,AC,3718,1.98301599198021,,
91,AC,4352,1.9727681369986385,,
92,AC,3530,1.9971488220617175,,
93,AC,2726,1.998017543926835,,
94,AC,3620,2.007490400923416,,
95,AC,4181,2.0026245859917253,,
96,AC,4436,2.0065240720286965,,
97,AC,4128,1.9942055640276521,,
98,AC,4109,1.989031424978748,,
99,AC,3637,1.9969913691747934,,
100,RE,,1.9583483419846743,-8,candidate exited with return code -8
101,AC,3351,2.026677053887397,,
102,AC,3205,1.9945187959820032,,
103,AC,3115,1.985191352898255,,
104,RE,,1.9461735968943685,-8,candidate exited with return code -8
105,AC,3844,2.012854777975008,,
106,AC,4371,1.9900053520686924,,
107,AC,3671,1.9832261139526963,,
108,AC,3440,1.9960402089636773,,
109,AC,3327,1.98758166981861,,
110,AC,3922,1.9886219520121813,,
111,AC,3294,1.985587022965774,,
112,AC,3683,1.996019451878965,,
113,AC,3080,2.021890991134569,,
114,AC,3775,2.018379915971309,,
115,AC,4353,1.9792848660144955,,
116,AC,3497,1.9922025969717652,,
117,AC,3975,2.0189207289367914,,
118,AC,3808,2.000547575065866,,
119,AC,4266,1.9977196641266346,,
120,AC,3843,1.9945130739361048,,
121,AC,4042,2.00426490791142,,
122,AC,3586,2.0030284540262073,,
123,AC,4125,1.996606529923156,,
124,AC,4151,2.0082406671717763,,
125,AC,4059,2.004387852968648,,
126,AC,3512,1.9983933689072728,,
127,AC,3734,1.9961406160145998,,
128,AC,3287,1.9772722600027919,,
129,AC,3704,1.9947491970378906,,
130,AC,4258,1.9889424729626626,,
131,AC,4066,1.9868551008403301,,
132,RE,,1.9480665100272745,-8,candidate exited with return code -8
133,AC,3749,1.9945143410004675,,
134,AC,3869,1.9937024069949985,,
135,AC,3618,1.9989895920734853,,
136,AC,3854,1.9938939919229597,,
137,AC,3261,2.0052201088983566,,
138,AC,3828,1.9960380080156028,,
139,AC,3861,2.001864549005404,,
140,AC,3530,1.9971893690526485,,
141,AC,4084,1.9983848531264812,,
142,AC,3514,1.9892471740022302,,
143,AC,3027,1.9780562510713935,,
144,AC,3674,2.018309592967853,,
145,AC,3577,2.0094185408670455,,
146,AC,4268,2.0004788720980287,,
147,AC,3313,1.986137414118275,,
148,AC,3160,2.000046302098781,,
149,AC,3806,1.9818625070620328,,
